name,gender,position
Aditya,Male,
Agung,Male,
Agus,Male,
Aji,Male,
Akbar,Male,
Aldo,Male,
Amir,Male,
Andi,Male,
Andre,Male,
Angga,Male,
Anjas,Male,
Anto,Male,
Anuar,Male,
Ardi,Male,
Arga,Male,
Arie,Male,
Arif,Male,
Aris,Male,
Arya,Male,
Asrul,Male,
Bagus,Male,
Bahar,Male,
Bagas,Male,
Bambang,Male,
Bara,Male,
Bari,Male,
Baskara,Male,
Basri,Male,
Bayu,Male,
Bima,Male,
Bintang,Male,
Bobi,Male,
Budi,Male,
Bagus,Male,
Cahyo,Male,
Candra,Male,
Cokro,Male,
Dafiz,Male,
Damar,Male,
Danang,Male,
Dandi,Male,
Dandi,Male,
Dani,Male,
Darma,Male,
Dede,Male,
Dedi,Male,
Deni,Male,
Deri,Male,
Dewa,Male,
Dian,Male,
Dicky,Male,
Didi,Male,
Dimas,Male,
Dody,Male,
Doni,Male,
Dwi,Male,
Edi,Male,
Eka,Male,
Eko,Male,
Elang,Male,
Endra,Male,
Eris,Male,
Erwin,Male,
Fadli,Male,
Fahmi,Male,
Fajar,Male,
Fajar,Male,
Faris,Male,
Fauzan,Male,
Fikri,Male,
Firman,Male,
Gada,Male,
Gading,Male,
Galang,Male,
Galih,Male,
Gama,Male,
Gani,Male,
Gatot,Male,
Gede,Male,
Ghafar,Male,
Gibran,Male,
Gilang,Male,
Ginanjar,Male,
Guntur,Male,
Gatot,Male,
Hadi,Male,
Hafiz,Male,
Hambali,Male,
Hamzah,Male,
Hanafi,Male,
Hendra,Male,
Hendri,Male,
Hens,Male,
Hery,Male,
Huda,Male,
Husni,Male,
Ibrahim,Male,
Ichsan,Male,
Idris,Male,
Ikhsan,Male,
Ilham,Male,
Imam,Male,
Imran,Male,
Indra,Male,
Irfan,Male,
Irwan,Male,
Ismail,Male,
Iwan,Male,
Jefri,Male,
Jody,Male,
Joko,Male,
Junaedi,Male,
Kadir,Male,
Kiki,Male,
Kukuh,Male,
Kusuma,Male,
Laksmana,Male,
Luki,Male,
Lukman,Male,
Luthfi,Male,
Mahfud,Male,
Mahesa,Male,
Maman,Male,
Mamat,Male,
Mardi,Male,
Mario,Male,
Marwan,Male,
Maulana,Male,
Mega,Male,
Miftah,Male,
Miko,Male,
Misbah,Male,
Muhammad,Male,first
Mulyadi,Male,
Munir,Male,
Nanda,Male,
Nasser,Male,
Naufal,Male,
Nugroho,Male,
Nur,Male,
Nurdin,Male,
Oki,Male,
Oktavian,Male,
Panji,Male,
Pandu,Male,
Prabowo,Male,
Pradipa,Male,
Prasetyo,Male,
Pratama,Male,
Purnomo,Male,
Putra,Male,
Raden,Male,
Radit,Male,
Raditya,Male,
Rafi,Male,
Rahmad,Male,
Rahmat,Male,
Raihan,Male,
Raja,Male,
Raka,Male,
Rama,Male,
Ramadhan,Male,
Rangga,Male,
Rian,Male,
Rian,Male,
Rico,Male,
Ridik,Male,
Rido,Male,
Rifa'i,Male,
Rifi,Male,
Rifky,Male,
Rikky,Male,
Rio,Male,
Risman,Male,
Rizki,Male,
Robby,Male,
Roni,Male,
Rudy,Male,
Ryan,Male,
Sabbar,Male,
Samsul,Male,
Sandy,Male,
Satria,Male,
Satya,Male,
Setiawan,Male,
Setyo,Male,
Sigit,Male,
Slamet,Male,
Subhan,Male,
Sugeng,Male,
Suharto,Male,
Sujatmiko,Male,
Sulaiman,Male,
Sunandar,Male,
Supri,Male,
Surya,Male,
Syafiq,Male,
Syarif,Male,
Taufik,Male,
Teguh,Male,
Tio,Male,
Tito,Male,
Tobar,Male,
Tohir,Male,
Tomy,Male,
Tri,Male,
Trisna,Male,
Untung,Male,
Utomo,Male,
Vino,Male,
Wahyu,Male,
Wawan,Male,
Wibowo,Male,
Wibawa,Male,
Widodo,Male,
Wijaya,Male,
Wira,Male,
Wisnu,Male,
Yadi,Male,
Yanto,Male,
Yayat,Male,
Yoga,Male,
Yogi,Male,
Yosep,Male,
Yuda,Male,
Yudi,Male,
Yudha,Male,
Yudhi,Male,
Yunus,Male,
Yusuf,Male,
Zainal,Male,
Zaki,Male,
Zaky,Male,
Zul,Male,
Adinda,female,
Agnes,female,
Aida,female,
Ayu,female,
Alya,female,
Amanda,female,
Amelia,female,
Amira,female,
Anindya,female,
Anisa,female,
Anita,female,
Annisa,female,
Antonia,female,
Apsari,female,
Ardhia,female,
Aria,female,
Ariani,female,
Arieska,female,
Arimbi,female,
Arini,female,
Arisanti,female,
Arsita,female,
Aslih,female,
Asmira,female,
Asri,female,
Asti,female,
Astiti,female,
Astrid,female,
Atsilah,female,
Aulia,female,
Aura,female,
Aurelia,female,
Ayu,female,
Azzahra,female,
Basagita,female,
Belinda,female,
Bella,female,
Bernadeth,female,
Berlian,female,
Bintang,female,
Bunga,female,
Bulan,female,
Cantika,female,
Celia,female,
Cempaka,female,
Chesa,female,
Chika,female,
Cinta,female,
Clara,female,
Citra,female,
Dahlia,female,
Damanik,female,
Danila,female,
Dara,female,
Daria,female,
Darmastuti,female,
Dayu,female,
Debora,female,
Della,female,
Desi,female,
Deswita,female,
Dewi,female,
Dhika,female,
Dian,female,
Diana,female,
Dika,female,
Dilla,female,
Dina,female,
Dinda,female,
Dini,female,
Dita,female,
Dwi,female,
Dyah,female,
Eka,female,
Elena,female,
Elina,female,
Elisa,female,
Elisabeth,female,
Elsa,female,
Elvira,female,
Emilia,female,
Endah,female,
Endang,female,
Eni,female,
Erika,female,
Erlina,female,
Ermina,female,
Erma,female,
Erna,female,
Erni,female,
Ester,female,
Eva,female,
Evi,female,
Fabian,female,
Fadhilah,female,
Fadilah,female,
Faiza,female,
Farah,female,
Farida,female,
Fatimah,female,
Febi,female,
Febri,female,
Felicia,female,
Fifi,female,
Fina,female,
Fitri,female,
Fitria,female,
Fransiska,female,
Gaby,female,
Galuh,female,
Gayatry,female,
Gita,female,
Gisela,female,
Grace,female,
Habsah,female,
Hana,female,
Hani,female,
Hania,female,
Hanifah,female,
Haniyah,female,
Hapsari,female,
Hastuti,female,
Helena,female,
Hesti,female,
Ika,female,
Ima,female,
Indah,female,
Indira,female,
Indri,female,
Ines,female,
Ira,female,
Irene,female,
Irma,female,
Irma,female,
Irmagard,female,
Irmina,female,
Isna,female,
Istri,female,
Ita,female,
Jasmine,female,
Jelita,female,
Jenia,female,
Jessica,female,
Julia,female,
Juliana,female,
Juliette,female,
Juwita,female,
Kania,female,
Karin,female,
Kartika,female,
Kartini,female,
Kasih,female,
Klara,female,
Komalasari,female,
Kristina,female,
Kusuma,female,
Laksmi,female,
Laras,female,
Larasati,female,
Lativa,female,
Laura,female,
Lela,female,
Leni,female,
Lestari,female,
Lia,female,
Liana,female,
Lidia,female,
Lili,female,
Lina,female,
Linda,female,
Lita,female,
Lucia,female,
Lusi,female,
Lusia,female,
Maimunah,female,
Marlina,female,
Marta,female,
Maya,female,
Megawati,female,
Melani,female,
Melati,female,
Melia,female,
Mellisa,female,
Melinda,female,
Meyli,female,
Mila,female,
Mira,female,
Mirna,female,
Mita,female,
Monika,female,
Murni,female,
Mutia,female,
Mutiara,female,
Nabila,female,
Nadia,female,
Nadin,female,
Nia,female,
Niken,female,
Nila,female,
Nilam,female,
Nina,female,
Ningsih,female,
Nisa,female,
Nita,female,
Nofi,female,
Novi,female,
Novita,female,
Nurul,female,
